"id","name","status","date","time"
37,"ajith","in","2024-09-16","09:00:00"
38,"vijay","in","2024-09-16","09:10:00"
39,"john","in","2024-09-16","09:15:00"
40,"alex","in","2024-09-16","09:20:00"
41,"mike","in","2024-09-16","09:25:00"
42,"susan","in","2024-09-16","09:30:00"
43,"david","in","2024-09-16","09:35:00"
44,"anna","in","2024-09-16","09:40:00"
45,"linda","in","2024-09-16","09:45:00"
46,"mark","in","2024-09-16","09:50:00"
47,"ajith","in","2024-09-17","09:00:00"
48,"vijay","in","2024-09-17","09:10:00"
49,"john","in","2024-09-17","09:15:00"
50,"alex","in","2024-09-17","09:20:00"
51,"mike","in","2024-09-17","09:25:00"
52,"susan","in","2024-09-17","09:30:00"
53,"david","in","2024-09-17","09:35:00"
54,"anna","in","2024-09-17","09:40:00"
55,"linda","in","2024-09-17","09:45:00"
56,"mark","in","2024-09-17","09:50:00"
57,"ajith","in","2024-09-18","09:00:00"
58,"vijay","in","2024-09-18","09:10:00"
59,"john","in","2024-09-18","09:15:00"
60,"alex","in","2024-09-18","09:20:00"
61,"mike","in","2024-09-18","09:25:00"
62,"susan","in","2024-09-18","09:30:00"
63,"david","in","2024-09-18","09:35:00"
64,"anna","in","2024-09-18","09:40:00"
65,"linda","in","2024-09-18","09:45:00"
66,"mark","in","2024-09-18","09:50:00"
67,"ajith","in","2024-09-19","09:00:00"
68,"vijay","in","2024-09-19","09:10:00"
69,"john","in","2024-09-19","09:15:00"
70,"alex","in","2024-09-19","09:20:00"
71,"mike","in","2024-09-19","09:25:00"
72,"susan","in","2024-09-19","09:30:00"
73,"david","in","2024-09-19","09:35:00"
74,"anna","in","2024-09-19","09:40:00"
75,"linda","in","2024-09-19","09:45:00"
76,"mark","in","2024-09-19","09:50:00"
77,"ajith","in","2024-09-20","09:00:00"
78,"vijay","in","2024-09-20","09:10:00"
79,"john","in","2024-09-20","09:15:00"
80,"alex","in","2024-09-20","09:20:00"
81,"mike","in","2024-09-20","09:25:00"
82,"susan","in","2024-09-20","09:30:00"
83,"david","in","2024-09-20","09:35:00"
84,"anna","in","2024-09-20","09:40:00"
85,"linda","in","2024-09-20","09:45:00"
86,"mark","in","2024-09-20","09:50:00"
87,"ajith","in","2024-09-23","09:00:00"
88,"vijay","in","2024-09-23","09:10:00"
89,"john","in","2024-09-23","09:15:00"
90,"alex","in","2024-09-23","09:20:00"
91,"mike","in","2024-09-23","09:25:00"
92,"susan","in","2024-09-23","09:30:00"
93,"david","in","2024-09-23","09:35:00"
94,"anna","in","2024-09-23","09:40:00"
95,"linda","in","2024-09-23","09:45:00"
96,"mark","in","2024-09-23","09:50:00"
97,"ajith","in","2024-09-24","09:00:00"
98,"vijay","in","2024-09-24","09:10:00"
99,"john","in","2024-09-24","09:15:00"
100,"alex","in","2024-09-24","09:20:00"
101,"mike","in","2024-09-24","09:25:00"
102,"susan","in","2024-09-24","09:30:00"
103,"david","in","2024-09-24","09:35:00"
104,"anna","in","2024-09-24","09:40:00"
105,"linda","in","2024-09-24","09:45:00"
106,"mark","in","2024-09-24","09:50:00"
107,"ajith","in","2024-09-25","09:00:00"
108,"vijay","in","2024-09-25","09:10:00"
109,"john","in","2024-09-25","09:15:00"
110,"alex","in","2024-09-25","09:20:00"
111,"mike","in","2024-09-25","09:25:00"
112,"susan","in","2024-09-25","09:30:00"
113,"david","in","2024-09-25","09:35:00"
114,"anna","in","2024-09-25","09:40:00"
115,"linda","in","2024-09-25","09:45:00"
116,"mark","in","2024-09-25","09:50:00"
117,"ajith","in","2024-09-26","09:00:00"
118,"vijay","in","2024-09-26","09:10:00"
119,"john","in","2024-09-26","09:15:00"
120,"alex","in","2024-09-26","09:20:00"
121,"mike","in","2024-09-26","09:25:00"
122,"susan","in","2024-09-26","09:30:00"
123,"david","in","2024-09-26","09:35:00"
124,"anna","in","2024-09-26","09:40:00"
125,"linda","in","2024-09-26","09:45:00"
126,"mark","in","2024-09-26","09:50:00"
127,"ajith","in","2024-09-27","09:00:00"
128,"vijay","in","2024-09-27","09:10:00"
129,"john","in","2024-09-27","09:15:00"
130,"alex","in","2024-09-27","09:20:00"
131,"mike","in","2024-09-27","09:25:00"
132,"susan","in","2024-09-27","09:30:00"
133,"david","in","2024-09-27","09:35:00"
134,"anna","in","2024-09-27","09:40:00"
135,"linda","in","2024-09-27","09:45:00"
136,"mark","in","2024-09-27","09:50:00"
137,"ajith","in","2024-09-30","09:00:00"
138,"vijay","in","2024-09-30","09:10:00"
139,"john","in","2024-09-30","09:15:00"
140,"alex","in","2024-09-30","09:20:00"
141,"mike","in","2024-09-30","09:25:00"
142,"susan","in","2024-09-30","09:30:00"
143,"david","in","2024-09-30","09:35:00"
144,"anna","in","2024-09-30","09:40:00"
145,"linda","in","2024-09-30","09:45:00"
146,"mark","in","2024-09-30","09:50:00"
147,"ajith","in","2024-09-02","09:00:00"
148,"vijay","in","2024-09-02","09:05:00"
149,"john","in","2024-09-02","09:10:00"
150,"alex","in","2024-09-02","09:15:00"
151,"mike","in","2024-09-02","09:00:00"
152,"susan","in","2024-09-02","09:05:00"
153,"david","in","2024-09-02","09:10:00"
154,"anna","in","2024-09-02","09:15:00"
155,"linda","in","2024-09-02","09:00:00"
156,"mark","in","2024-09-02","09:05:00"
157,"ajith","in","2024-09-03","09:00:00"
158,"vijay","in","2024-09-03","09:05:00"
159,"john","in","2024-09-03","09:10:00"
160,"alex","in","2024-09-03","09:15:00"
161,"mike","in","2024-09-03","09:00:00"
162,"susan","in","2024-09-03","09:05:00"
163,"david","in","2024-09-03","09:10:00"
164,"anna","in","2024-09-03","09:15:00"
165,"linda","in","2024-09-03","09:00:00"
166,"mark","in","2024-09-03","09:05:00"
167,"ajith","in","2024-09-04","09:00:00"
168,"vijay","in","2024-09-04","09:05:00"
169,"john","in","2024-09-04","09:10:00"
170,"alex","in","2024-09-04","09:15:00"
171,"mike","in","2024-09-04","09:00:00"
172,"susan","in","2024-09-04","09:05:00"
173,"david","in","2024-09-04","09:10:00"
174,"anna","in","2024-09-04","09:15:00"
175,"linda","in","2024-09-04","09:00:00"
176,"mark","in","2024-09-04","09:05:00"
177,"ajith","in","2024-09-05","09:00:00"
178,"vijay","in","2024-09-05","09:05:00"
179,"john","in","2024-09-05","09:10:00"
180,"alex","in","2024-09-05","09:15:00"
181,"mike","in","2024-09-05","09:00:00"
182,"susan","in","2024-09-05","09:05:00"
183,"david","in","2024-09-05","09:10:00"
184,"anna","in","2024-09-05","09:15:00"
185,"linda","in","2024-09-05","09:00:00"
186,"mark","in","2024-09-05","09:05:00"
187,"ajith","in","2024-09-06","09:00:00"
188,"vijay","in","2024-09-06","09:05:00"
189,"john","in","2024-09-06","09:10:00"
190,"alex","in","2024-09-06","09:15:00"
191,"mike","in","2024-09-06","09:00:00"
192,"susan","in","2024-09-06","09:05:00"
193,"david","in","2024-09-06","09:10:00"
194,"anna","in","2024-09-06","09:15:00"
195,"linda","in","2024-09-06","09:00:00"
196,"mark","in","2024-09-06","09:05:00"
197,"ajith","in","2024-09-07","09:00:00"
198,"vijay","in","2024-09-07","09:05:00"
199,"john","in","2024-09-07","09:10:00"
200,"alex","in","2024-09-07","09:15:00"
201,"mike","in","2024-09-07","09:00:00"
202,"susan","in","2024-09-07","09:05:00"
203,"david","in","2024-09-07","09:10:00"
204,"anna","in","2024-09-07","09:15:00"
205,"linda","in","2024-09-07","09:00:00"
206,"mark","in","2024-09-07","09:05:00"
207,"ajith","in","2024-09-09","09:00:00"
208,"vijay","in","2024-09-09","09:05:00"
209,"john","in","2024-09-09","09:10:00"
210,"alex","in","2024-09-09","09:15:00"
211,"mike","in","2024-09-09","09:00:00"
212,"susan","in","2024-09-09","09:05:00"
213,"david","in","2024-09-09","09:10:00"
214,"anna","in","2024-09-09","09:15:00"
215,"linda","in","2024-09-09","09:00:00"
216,"mark","in","2024-09-09","09:05:00"
217,"ajith","in","2024-09-10","09:00:00"
218,"vijay","in","2024-09-10","09:05:00"
219,"john","in","2024-09-10","09:10:00"
220,"alex","in","2024-09-10","09:15:00"
221,"mike","in","2024-09-10","09:00:00"
222,"susan","in","2024-09-10","09:05:00"
223,"david","in","2024-09-10","09:10:00"
224,"anna","in","2024-09-10","09:15:00"
225,"linda","in","2024-09-10","09:00:00"
226,"mark","in","2024-09-10","09:05:00"
227,"ajith","in","2024-09-11","09:00:00"
228,"vijay","in","2024-09-11","09:05:00"
229,"john","in","2024-09-11","09:10:00"
230,"alex","in","2024-09-11","09:15:00"
231,"mike","in","2024-09-11","09:00:00"
232,"susan","in","2024-09-11","09:05:00"
233,"david","in","2024-09-11","09:10:00"
234,"anna","in","2024-09-11","09:15:00"
235,"linda","in","2024-09-11","09:00:00"
236,"mark","in","2024-09-11","09:05:00"
237,"ajith","in","2024-09-12","09:00:00"
238,"vijay","in","2024-09-12","09:05:00"
239,"john","in","2024-09-12","09:10:00"
240,"alex","in","2024-09-12","09:15:00"
241,"mike","in","2024-09-12","09:00:00"
242,"susan","in","2024-09-12","09:05:00"
243,"david","in","2024-09-12","09:10:00"
244,"anna","in","2024-09-12","09:15:00"
245,"linda","in","2024-09-12","09:00:00"
246,"mark","in","2024-09-12","09:05:00"
247,"ajith","in","2024-09-13","09:00:00"
248,"vijay","in","2024-09-13","09:05:00"
249,"john","in","2024-09-13","09:10:00"
250,"alex","in","2024-09-13","09:15:00"
251,"mike","in","2024-09-13","09:00:00"
252,"susan","in","2024-09-13","09:05:00"
253,"david","in","2024-09-13","09:10:00"
254,"anna","in","2024-09-13","09:15:00"
255,"linda","in","2024-09-13","09:00:00"
256,"mark","in","2024-09-13","09:05:00"
257,"ajith","in","2024-09-14","09:00:00"
258,"vijay","in","2024-09-14","09:05:00"
259,"john","in","2024-09-14","09:10:00"
260,"alex","in","2024-09-14","09:15:00"
261,"mike","in","2024-09-14","09:00:00"
262,"susan","in","2024-09-14","09:05:00"
263,"david","in","2024-09-14","09:10:00"
264,"anna","in","2024-09-14","09:15:00"
265,"linda","in","2024-09-14","09:00:00"
266,"mark","in","2024-09-14","09:05:00"
267,"ajith","in","2024-09-16","09:00:00"
268,"vijay","in","2024-09-16","09:05:00"
269,"john","in","2024-09-16","09:10:00"
270,"alex","in","2024-09-16","09:15:00"
271,"mike","in","2024-09-16","09:00:00"
272,"susan","in","2024-09-16","09:05:00"
273,"david","in","2024-09-16","09:10:00"
274,"anna","in","2024-09-16","09:15:00"
275,"linda","in","2024-09-16","09:00:00"
276,"mark","in","2024-09-16","09:05:00"
277,"ajith","out","2024-09-02","18:00:00"
278,"vijay","out","2024-09-02","18:05:00"
279,"john","out","2024-09-02","18:10:00"
280,"alex","out","2024-09-02","18:15:00"
281,"mike","out","2024-09-02","18:00:00"
282,"susan","out","2024-09-02","18:05:00"
283,"david","out","2024-09-02","18:10:00"
284,"anna","out","2024-09-02","18:15:00"
285,"linda","out","2024-09-02","18:00:00"
286,"mark","out","2024-09-02","18:05:00"
287,"ajith","out","2024-09-03","18:00:00"
288,"vijay","out","2024-09-03","18:05:00"
289,"john","out","2024-09-03","18:10:00"
290,"alex","out","2024-09-03","18:15:00"
291,"mike","out","2024-09-03","18:00:00"
292,"susan","out","2024-09-03","18:05:00"
293,"david","out","2024-09-03","18:10:00"
294,"anna","out","2024-09-03","18:15:00"
295,"linda","out","2024-09-03","18:00:00"
296,"mark","out","2024-09-03","18:05:00"
297,"ajith","out","2024-09-04","18:00:00"
298,"vijay","out","2024-09-04","18:05:00"
299,"john","out","2024-09-04","18:10:00"
300,"alex","out","2024-09-04","18:15:00"
301,"mike","out","2024-09-04","18:00:00"
302,"susan","out","2024-09-04","18:05:00"
303,"david","out","2024-09-04","18:10:00"
304,"anna","out","2024-09-04","18:15:00"
305,"linda","out","2024-09-04","18:00:00"
306,"mark","out","2024-09-04","18:05:00"
307,"ajith","out","2024-09-05","18:00:00"
308,"vijay","out","2024-09-05","18:05:00"
309,"john","out","2024-09-05","18:10:00"
310,"alex","out","2024-09-05","18:15:00"
311,"mike","out","2024-09-05","18:00:00"
312,"susan","out","2024-09-05","18:05:00"
313,"david","out","2024-09-05","18:10:00"
314,"anna","out","2024-09-05","18:15:00"
315,"linda","out","2024-09-05","18:00:00"
316,"mark","out","2024-09-05","18:05:00"
317,"ajith","out","2024-09-06","18:00:00"
318,"vijay","out","2024-09-06","18:05:00"
319,"john","out","2024-09-06","18:10:00"
320,"alex","out","2024-09-06","18:15:00"
321,"mike","out","2024-09-06","18:00:00"
322,"susan","out","2024-09-06","18:05:00"
323,"david","out","2024-09-06","18:10:00"
324,"anna","out","2024-09-06","18:15:00"
325,"linda","out","2024-09-06","18:00:00"
326,"mark","out","2024-09-06","18:05:00"
327,"ajith","out","2024-09-07","18:00:00"
328,"vijay","out","2024-09-07","18:05:00"
329,"john","out","2024-09-07","18:10:00"
330,"alex","out","2024-09-07","18:15:00"
331,"mike","out","2024-09-07","18:00:00"
332,"susan","out","2024-09-07","18:05:00"
333,"david","out","2024-09-07","18:10:00"
334,"anna","out","2024-09-07","18:15:00"
335,"linda","out","2024-09-07","18:00:00"
336,"mark","out","2024-09-07","18:05:00"
337,"ajith","out","2024-09-09","18:00:00"
338,"vijay","out","2024-09-09","18:05:00"
339,"john","out","2024-09-09","18:10:00"
340,"alex","out","2024-09-09","18:15:00"
341,"mike","out","2024-09-09","18:00:00"
342,"susan","out","2024-09-09","18:05:00"
343,"david","out","2024-09-09","18:10:00"
344,"anna","out","2024-09-09","18:15:00"
345,"linda","out","2024-09-09","18:00:00"
346,"mark","out","2024-09-09","18:05:00"
347,"ajith","out","2024-09-10","18:00:00"
348,"vijay","out","2024-09-10","18:05:00"
349,"john","out","2024-09-10","18:10:00"
350,"alex","out","2024-09-10","18:15:00"
351,"mike","out","2024-09-10","18:00:00"
352,"susan","out","2024-09-10","18:05:00"
353,"david","out","2024-09-10","18:10:00"
354,"anna","out","2024-09-10","18:15:00"
355,"linda","out","2024-09-10","18:00:00"
356,"mark","out","2024-09-10","18:05:00"
357,"ajith","out","2024-09-11","18:00:00"
358,"vijay","out","2024-09-11","18:05:00"
359,"john","out","2024-09-11","18:10:00"
360,"alex","out","2024-09-11","18:15:00"
361,"mike","out","2024-09-11","18:00:00"
362,"susan","out","2024-09-11","18:05:00"
363,"david","out","2024-09-11","18:10:00"
364,"anna","out","2024-09-11","18:15:00"
365,"linda","out","2024-09-11","18:00:00"
366,"mark","out","2024-09-11","18:05:00"
367,"ajith","out","2024-09-12","18:00:00"
368,"vijay","out","2024-09-12","18:05:00"
369,"john","out","2024-09-12","18:10:00"
370,"alex","out","2024-09-12","18:15:00"
371,"mike","out","2024-09-12","18:00:00"
372,"susan","out","2024-09-12","18:05:00"
373,"david","out","2024-09-12","18:10:00"
374,"anna","out","2024-09-12","18:15:00"
375,"linda","out","2024-09-12","18:00:00"
376,"mark","out","2024-09-12","18:05:00"
377,"ajith","out","2024-09-13","18:00:00"
378,"vijay","out","2024-09-13","18:05:00"
379,"john","out","2024-09-13","18:10:00"
380,"alex","out","2024-09-13","18:15:00"
381,"mike","out","2024-09-13","18:00:00"
382,"susan","out","2024-09-13","18:05:00"
383,"david","out","2024-09-13","18:10:00"
384,"anna","out","2024-09-13","18:15:00"
385,"linda","out","2024-09-13","18:00:00"
386,"mark","out","2024-09-13","18:05:00"
387,"ajith","out","2024-09-14","18:00:00"
388,"vijay","out","2024-09-14","18:05:00"
389,"john","out","2024-09-14","18:10:00"
390,"alex","out","2024-09-14","18:15:00"
391,"mike","out","2024-09-14","18:00:00"
392,"susan","out","2024-09-14","18:05:00"
393,"david","out","2024-09-14","18:10:00"
394,"anna","out","2024-09-14","18:15:00"
395,"linda","out","2024-09-14","18:00:00"
396,"mark","out","2024-09-14","18:05:00"
397,"ajith","out","2024-09-16","18:00:00"
398,"vijay","out","2024-09-16","18:05:00"
399,"john","out","2024-09-16","18:10:00"
400,"alex","out","2024-09-16","18:15:00"
401,"mike","out","2024-09-16","18:00:00"
402,"susan","out","2024-09-16","18:05:00"
403,"david","out","2024-09-16","18:10:00"
404,"anna","out","2024-09-16","18:15:00"
405,"linda","out","2024-09-16","18:00:00"
406,"mark","out","2024-09-16","18:05:00"
407,"ajith","out","2024-09-18","18:00:00"
408,"vijay","out","2024-09-18","18:05:00"
409,"john","out","2024-09-18","18:10:00"
410,"alex","out","2024-09-18","18:15:00"
411,"mike","out","2024-09-18","18:00:00"
412,"susan","out","2024-09-18","18:05:00"
413,"david","out","2024-09-18","18:10:00"
414,"anna","out","2024-09-18","18:15:00"
415,"linda","out","2024-09-18","18:00:00"
416,"mark","out","2024-09-18","18:05:00"
417,"ajith","out","2024-09-19","18:00:00"
418,"vijay","out","2024-09-19","18:05:00"
419,"john","out","2024-09-19","18:10:00"
420,"alex","out","2024-09-19","18:15:00"
421,"mike","out","2024-09-19","18:00:00"
422,"susan","out","2024-09-19","18:05:00"
423,"david","out","2024-09-19","18:10:00"
424,"anna","out","2024-09-19","18:15:00"
425,"linda","out","2024-09-19","18:00:00"
426,"mark","out","2024-09-19","18:05:00"
427,"ajith","out","2024-09-20","18:00:00"
428,"vijay","out","2024-09-20","18:05:00"
429,"john","out","2024-09-20","18:10:00"
430,"alex","out","2024-09-20","18:15:00"
431,"mike","out","2024-09-20","18:00:00"
432,"susan","out","2024-09-20","18:05:00"
433,"david","out","2024-09-20","18:10:00"
434,"anna","out","2024-09-20","18:15:00"
435,"linda","out","2024-09-20","18:00:00"
436,"mark","out","2024-09-20","18:05:00"
437,"ajith","out","2024-09-21","18:00:00"
438,"vijay","out","2024-09-21","18:05:00"
439,"john","out","2024-09-21","18:10:00"
440,"alex","out","2024-09-21","18:15:00"
441,"mike","out","2024-09-21","18:00:00"
442,"susan","out","2024-09-21","18:05:00"
443,"david","out","2024-09-21","18:10:00"
444,"anna","out","2024-09-21","18:15:00"
445,"linda","out","2024-09-21","18:00:00"
446,"mark","out","2024-09-21","18:05:00"
447,"ajith","out","2024-09-22","18:00:00"
448,"vijay","out","2024-09-22","18:05:00"
449,"john","out","2024-09-22","18:10:00"
450,"alex","out","2024-09-22","18:15:00"
451,"mike","out","2024-09-22","18:00:00"
452,"susan","out","2024-09-22","18:05:00"
453,"david","out","2024-09-22","18:10:00"
454,"anna","out","2024-09-22","18:15:00"
455,"linda","out","2024-09-22","18:00:00"
456,"mark","out","2024-09-22","18:05:00"
457,"ajith","out","2024-09-23","18:00:00"
458,"vijay","out","2024-09-23","18:05:00"
459,"john","out","2024-09-23","18:10:00"
460,"alex","out","2024-09-23","18:15:00"
461,"mike","out","2024-09-23","18:00:00"
462,"susan","out","2024-09-23","18:05:00"
463,"david","out","2024-09-23","18:10:00"
464,"anna","out","2024-09-23","18:15:00"
465,"linda","out","2024-09-23","18:00:00"
466,"mark","out","2024-09-23","18:05:00"
467,"ajith","out","2024-09-25","18:00:00"
468,"vijay","out","2024-09-25","18:05:00"
469,"john","out","2024-09-25","18:10:00"
470,"alex","out","2024-09-25","18:15:00"
471,"mike","out","2024-09-25","18:00:00"
472,"susan","out","2024-09-25","18:05:00"
473,"david","out","2024-09-25","18:10:00"
474,"anna","out","2024-09-25","18:15:00"
475,"linda","out","2024-09-25","18:00:00"
476,"mark","out","2024-09-25","18:05:00"
477,"ajith","out","2024-09-26","18:00:00"
478,"vijay","out","2024-09-26","18:05:00"
479,"john","out","2024-09-26","18:10:00"
480,"alex","out","2024-09-26","18:15:00"
481,"mike","out","2024-09-26","18:00:00"
482,"susan","out","2024-09-26","18:05:00"
483,"david","out","2024-09-26","18:10:00"
484,"anna","out","2024-09-26","18:15:00"
485,"linda","out","2024-09-26","18:00:00"
486,"mark","out","2024-09-26","18:05:00"
487,"ajith","out","2024-09-27","18:00:00"
488,"vijay","out","2024-09-27","18:05:00"
489,"john","out","2024-09-27","18:10:00"
490,"alex","out","2024-09-27","18:15:00"
491,"mike","out","2024-09-27","18:00:00"
492,"susan","out","2024-09-27","18:05:00"
493,"david","out","2024-09-27","18:10:00"
494,"anna","out","2024-09-27","18:15:00"
495,"linda","out","2024-09-27","18:00:00"
496,"mark","out","2024-09-27","18:05:00"
497,"ajith","out","2024-09-28","18:00:00"
498,"vijay","out","2024-09-28","18:05:00"
499,"john","out","2024-09-28","18:10:00"
500,"alex","out","2024-09-28","18:15:00"
501,"mike","out","2024-09-28","18:00:00"
502,"susan","out","2024-09-28","18:05:00"
503,"david","out","2024-09-28","18:10:00"
504,"anna","out","2024-09-28","18:15:00"
505,"linda","out","2024-09-28","18:00:00"
506,"mark","out","2024-09-28","18:05:00"
507,"ajith","out","2024-09-29","18:00:00"
508,"vijay","out","2024-09-29","18:05:00"
509,"john","out","2024-09-29","18:10:00"
510,"alex","out","2024-09-29","18:15:00"
511,"mike","out","2024-09-29","18:00:00"
512,"susan","out","2024-09-29","18:05:00"
513,"david","out","2024-09-29","18:10:00"
514,"anna","out","2024-09-29","18:15:00"
515,"linda","out","2024-09-29","18:00:00"
516,"mark","out","2024-09-29","18:05:00"
517,"ajith","out","2024-09-30","18:00:00"
518,"vijay","out","2024-09-30","18:05:00"
519,"john","out","2024-09-30","18:10:00"
520,"alex","out","2024-09-30","18:15:00"
521,"mike","out","2024-09-30","18:00:00"
522,"susan","out","2024-09-30","18:05:00"
523,"david","out","2024-09-30","18:10:00"
524,"anna","out","2024-09-30","18:15:00"
525,"linda","out","2024-09-30","18:00:00"
526,"mark","out","2024-09-30","18:05:00"
